a_id,cont_id,cont_adv_id,cont_own_id,cont_prod_id,cont_date,cont_amt
a_0,B8335208,827925,C58722,p700,2021-06-30,125000
a_1,A1754955,752235,C54547,p600,2020-08-28,924000
a_2,C1938551,749684,C54652,p400,2022-07-08,431000
a_3,A2602024,518825,C57890,p400,2020-12-21,307000
a_4,A2487467,611220,C57138,p400,2022-10-13,897000
a_5,A2846676,155067,C52179,p100,2020-07-04,947000
a_6,D6162669,102634,C57947,p200,2022-11-10,108000
a_7,A6607238,174144,C53426,p500,2021-08-20,875000
a_8,C8242567,723674,C58791,p600,2022-06-15,495000
a_9,B8276304,643935,C53593,p200,2020-11-23,729000
a_10,F7631007,556744,C56358,p100,2020-01-14,642000
a_11,A8809542,119942,C59290,p500,2021-02-10,372000
a_12,B3630158,673595,C53813,p500,2020-07-29,580000
a_13,E8165205,611303,C55356,p500,2021-05-30,336000
a_14,A1648609,518825,C56302,p600,2021-09-25,781000
a_15,D4873094,143682,C50642,p200,2020-10-24,539000
a_16,B4386592,197769,C56392,p100,2020-07-30,480000
a_17,A7356056,207340,C50642,p100,2021-05-08,510000
a_18,E6117666,592435,C53113,p600,2020-11-16,400000
a_19,A2889491,248812,C53156,p500,2020-11-29,416000
a_20,E8382928,934429,C53369,p500,2020-08-05,203000
a_21,D4015904,728097,C53113,p300,2022-06-04,928000
a_22,B6844124,741655,C57471,p400,2022-10-12,924000
a_23,E3020962,918769,C56499,p700,2021-02-04,460000
a_24,A1113804,391073,C57949,p200,2020-12-31,967000
a_25,A1802118,942262,C53314,p400,2022-01-03,794000
a_26,B3491067,197769,C56301,p300,2022-07-08,583000
a_27,E5365672,121238,C55654,p100,2021-10-14,863000
a_28,A4064534,634950,C50337,p100,2021-11-14,491000
a_29,F2090602,100765,C57802,p200,2020-11-07,504000
a_30,C3914924,225473,C55450,p100,2021-01-11,334000
a_31,B4783894,359102,C57636,p500,2020-08-02,612000
a_32,B7909809,699208,C57798,p400,2020-07-13,970000
a_33,A4157345,708313,C57927,p600,2020-10-16,287000
a_34,E8076704,850104,C59632,p700,2021-07-05,128000
a_35,F6792163,389054,C57080,p600,2020-10-11,783000
a_36,B1732776,752235,C53171,p300,2022-02-25,617000
a_37,C6410118,865372,C57026,p200,2022-02-19,928000
a_38,D6659000,752235,C56358,p600,2021-04-17,322000
a_39,C6215417,456688,C54078,p200,2021-12-02,770000
a_40,A4576160,197769,C51662,p500,2022-08-21,454000
a_41,E3611272,240750,C50189,p400,2021-10-13,635000
a_42,F7097327,728097,C55465,p700,2020-09-13,315000
a_43,D7896378,562559,C55517,p200,2021-11-05,564000
a_44,C2510816,398626,C55234,p500,2020-08-30,738000
a_45,C8779956,180825,C57351,p500,2020-07-10,819000
a_46,C7311916,547782,C55204,p200,2022-10-17,984000
a_47,D5178906,643935,C52703,p700,2020-04-22,196000
a_48,D5171961,143682,C51759,p400,2021-12-13,887000
a_49,B5272610,981938,C50576,p600,2022-04-07,769000
a_50,C6027341,929461,C53274,p700,2021-01-24,398000
a_51,F2273619,174144,C53694,p300,2022-05-04,132000
a_52,A6973043,420312,C54321,p500,2021-05-26,302000
a_53,A6168162,207340,C50860,p100,2020-03-06,185000
a_54,F2204631,601014,C52446,p600,2020-03-09,641000
a_55,A5476790,314898,C52273,p600,2021-08-22,442000
a_56,A3051475,180825,C53925,p200,2020-09-21,913000
a_57,D8877579,314453,C53917,p100,2020-02-18,879000
a_58,C8610569,405276,C56169,p400,2021-11-27,176000
a_59,E4057277,708313,C56966,p700,2022-10-01,376000
a_60,C4573678,267231,C53964,p300,2022-12-15,482000
a_61,D4541713,433297,C53251,p700,2021-07-03,319000
a_62,B2893491,643935,C57525,p400,2020-08-14,362000
a_63,D7201078,314898,C57578,p100,2022-08-05,324000
a_64,E3855043,799164,C50733,p600,2021-06-18,449000
a_65,C6772672,759091,C55356,p100,2020-04-24,831000
a_66,D6410476,556744,C57525,p600,2020-02-01,687000
a_67,E2088745,142555,C54557,p500,2022-02-14,725000
a_68,C2652170,280189,C56288,p400,2021-07-22,601000
a_69,D1369031,180825,C52583,p200,2020-05-24,582000
a_70,E4491772,859330,C50587,p600,2022-10-26,296000
a_71,D5471080,592435,C58050,p200,2021-04-10,919000
a_72,F4276064,827925,C53113,p400,2022-03-30,376000
a_73,F3706717,155067,C51781,p400,2020-06-12,896000
a_74,C3151082,454332,C58123,p700,2022-11-23,866000
a_75,E5881101,559400,C53352,p300,2021-07-28,694000
a_76,A6571174,100765,C50837,p100,2022-07-20,847000
a_77,A3931306,274894,C55450,p500,2020-12-19,583000
a_78,F5668362,274894,C57680,p300,2022-07-10,385000
a_79,A1212755,405276,C51053,p200,2022-05-20,253000
a_80,C8762239,749684,C56499,p600,2020-05-22,284000
a_81,A3159739,283761,C51504,p600,2020-03-28,333000
a_82,D5977317,314453,C54547,p700,2021-04-28,604000
a_83,D3754446,601014,C51545,p600,2022-12-17,770000
a_84,E8105048,398626,C56335,p400,2020-01-10,312000
a_85,A4539751,253754,C52179,p400,2022-02-12,578000
a_86,C5359224,859330,C55198,p300,2020-07-17,136000
a_87,C8002009,814758,C55938,p600,2021-11-02,759000
a_88,E2333873,836654,C57117,p300,2020-04-08,397000
a_89,D2888695,723674,C52183,p600,2022-11-24,123000
a_90,B6140237,274894,C53595,p500,2021-01-13,788000
a_91,A5481004,827925,C55517,p600,2022-12-27,110000
a_92,E3601591,351031,C50695,p500,2022-04-08,140000
a_93,F5753274,913137,C56335,p700,2022-12-14,411000
a_94,B1402624,451696,C51988,p600,2021-06-28,410000
a_95,A4751903,773326,C54146,p500,2022-10-21,279000
a_96,D5902809,859330,C51341,p500,2022-05-17,192000
a_97,D4074280,304138,C58994,p300,2022-08-02,569000
a_98,D5713235,207340,C58334,p600,2021-12-08,522000
a_99,C8739613,934429,C52421,p600,2020-05-16,717000
a_100,C5949126,571629,C53237,p500,2022-12-02,950000
a_101,B6652141,439610,C54619,p200,2021-09-17,154000
a_102,C4503909,541952,C56392,p300,2020-08-05,827000
a_103,C5824499,691787,C50978,p500,2021-06-09,491000
a_104,B2622749,267231,C55028,p500,2020-02-16,326000
a_105,F8797394,283761,C59084,p600,2022-05-31,944000
a_106,E8864034,699208,C57026,p500,2022-07-23,918000
a_107,B4227122,314453,C55774,p400,2021-06-16,622000
a_108,E7169589,622781,C58334,p700,2022-11-22,642000
a_109,D2078022,723674,C55450,p500,2022-11-06,335000
a_110,D7586561,359102,C58088,p400,2020-12-21,910000
a_111,D7120452,562559,C57026,p700,2022-11-18,693000
a_112,E8615729,767765,C54209,p500,2020-05-10,413000
a_113,D3953448,767765,C57949,p600,2022-03-25,585000
a_114,E1582345,814758,C58123,p100,2021-11-06,398000
a_115,E1780130,100765,C57039,p400,2022-02-04,926000
a_116,B1960287,174144,C50528,p400,2022-11-11,568000
a_117,E3930092,518825,C56586,p500,2021-10-25,545000
a_118,B7359040,359102,C58940,p600,2022-05-25,911000
a_119,A3248973,314898,C59748,p500,2020-02-09,686000
a_120,F5528764,643025,C59632,p700,2021-08-22,571000
a_121,F1551900,280189,C50627,p500,2021-06-20,897000
a_122,A7650599,728097,C55842,p500,2021-03-11,190000
a_123,E1347025,673595,C59500,p400,2022-11-25,184000
a_124,E8850575,119942,C55465,p100,2020-01-17,464000
a_125,C3240110,207340,C57138,p700,2021-05-07,101000
a_126,A6672686,981938,C50728,p700,2022-03-15,224000
a_127,C4774743,348325,C53156,p700,2022-04-24,274000
a_128,D3539303,306559,C55517,p500,2022-01-13,658000
a_129,C8539059,451696,C50728,p300,2022-10-19,639000
a_130,A1938667,142555,C59924,p100,2020-01-16,149000
a_131,B1779123,398626,C54564,p300,2022-01-02,786000
a_132,D1227860,314898,C57190,p700,2022-07-22,622000
a_133,C5870379,643025,C53156,p400,2020-10-05,282000
a_134,C8007892,611220,C50943,p200,2021-06-30,125000
a_135,C4858803,547782,C54836,p400,2020-06-19,373000
a_136,A5672256,456688,C54807,p100,2022-12-01,874000
a_137,B4941396,314453,C59003,p600,2021-04-10,738000
a_138,A5226484,622781,C50587,p500,2021-09-12,454000
a_139,B3680068,433297,C58994,p100,2021-10-28,164000
a_140,D7172436,450449,C59319,p300,2021-08-19,129000
a_141,C3993382,314898,C51762,p100,2020-09-30,534000
a_142,C6910500,804837,C58088,p600,2021-07-14,123000
a_143,A5717255,828225,C56266,p400,2021-08-24,715000
a_144,F7864766,562559,C53369,p700,2021-10-20,523000
a_145,C6926571,359102,C53694,p500,2020-08-31,582000
a_146,F3421662,283761,C52519,p100,2021-03-18,456000
a_147,D6933318,691787,C55204,p300,2020-05-30,961000
a_148,A4723101,274894,C53546,p700,2021-07-31,139000
a_149,D2798352,518825,C52446,p500,2021-10-03,843000
a_150,E7059566,889774,C56095,p500,2021-09-24,641000
a_151,C1446209,592435,C52928,p700,2022-03-12,964000
a_152,F3735891,699208,C58682,p400,2022-09-15,887000
a_153,A6890941,221447,C50695,p700,2021-09-26,691000
a_154,B4183065,267231,C54094,p200,2022-11-13,595000
a_155,E6413340,870280,C55234,p700,2020-01-13,557000
a_156,B4963363,367871,C52273,p300,2022-08-26,497000
a_157,C5363699,439610,C51504,p300,2021-08-25,178000
a_158,C3844210,142555,C55146,p400,2022-09-14,655000
a_159,E1258091,611220,C50036,p100,2022-12-08,812000
a_160,A6307378,100765,C58189,p700,2021-10-06,241000
a_161,E3162364,450449,C55645,p200,2020-09-22,796000
a_162,C8436090,795263,C51468,p500,2021-11-27,599000
a_163,E8329705,405276,C52864,p300,2021-10-29,443000
a_164,A6527782,691787,C57976,p600,2021-07-04,448000
a_165,D5348519,888488,C55489,p100,2022-04-22,962000
a_166,B2788618,767765,C52792,p300,2022-09-24,141000
a_167,D5587635,634950,C52179,p500,2020-12-06,487000
a_168,D4874039,942262,C51762,p500,2022-03-26,999000
a_169,A4182054,304138,C59202,p500,2022-12-24,259000
a_170,A1337197,359102,C55497,p100,2022-03-09,133000
a_171,C2246342,365269,C57471,p300,2020-08-14,213000
a_172,D6756200,541952,C53917,p600,2020-03-15,831000
a_173,E7219680,708313,C55766,p600,2022-02-24,709000
a_174,C5832107,981938,C50869,p500,2021-10-11,168000
a_175,D5275922,949842,C55387,p600,2020-03-10,244000
a_176,F1796764,283761,C59494,p200,2021-02-13,893000
a_177,C6522944,242877,C51762,p600,2021-12-03,109000
a_178,E4683326,556744,C51193,p100,2021-12-07,247000
a_179,B3082989,611303,C55383,p200,2020-10-10,331000
a_180,E2607806,913137,C54306,p100,2020-05-08,228000
a_181,A1540502,221447,C58995,p700,2020-04-10,145000
a_182,C3231175,541952,C53274,p600,2020-08-10,118000
a_183,E1672009,752235,C55698,p400,2022-04-28,591000
a_184,D6596463,913137,C56301,p400,2022-08-01,192000
a_185,E5038841,420312,C57356,p300,2022-08-16,579000
a_186,D3656247,119942,C59313,p400,2022-12-09,520000
a_187,E2535569,405276,C57794,p600,2021-02-28,872000
a_188,C2765459,934429,C50695,p500,2022-09-04,723000
a_189,E4505290,745395,C55645,p700,2020-05-04,117000
a_190,A8696468,870280,C50978,p700,2022-11-10,696000
a_191,B7786904,850104,C50528,p300,2021-07-08,950000
a_192,E3333575,870280,C58940,p700,2021-11-13,304000
a_193,D1774145,174144,C56736,p100,2021-12-26,145000
a_194,F3538455,870280,C51545,p500,2022-03-16,954000
a_195,C6648636,699208,C53125,p600,2022-09-29,734000
a_196,F8289178,351031,C59290,p100,2022-12-10,157000
a_197,A7079039,304138,C54807,p600,2021-08-15,651000
a_198,D5414122,102634,C51266,p600,2021-06-21,534000
a_199,F2626092,611303,C55198,p500,2020-11-09,986000
a_200,B6517111,850104,C57138,p700,2022-12-27,336000
a_201,B7384172,398626,C56335,p500,2021-09-28,827000
a_202,B7618318,420312,C56028,p700,2020-02-11,208000
a_203,D1531320,299218,C50935,p500,2021-11-13,728000
a_204,C2594952,240750,C55754,p700,2022-01-23,486000
a_205,B2253664,929461,C58499,p400,2022-10-20,344000
a_206,B6019425,433297,C58251,p100,2021-06-25,953000
a_207,D7407069,351031,C53257,p700,2020-09-19,415000
a_208,A6278455,142555,C50695,p100,2020-03-31,329000
a_209,A2791438,889774,C55768,p600,2020-08-22,621000
a_210,D7180997,947712,C52071,p100,2021-03-31,640000
a_211,D6155296,981938,C52377,p500,2020-08-20,560000
a_212,E8529707,174144,C57117,p700,2021-02-05,960000
a_213,D1115559,773326,C54564,p200,2020-11-27,406000
a_214,D5260364,850104,C53274,p500,2020-04-23,393000
a_215,B5168622,547782,C53643,p700,2022-04-15,394000
a_216,C8780651,267231,C53009,p100,2022-01-29,215000
a_217,F7086455,367871,C50344,p500,2021-12-27,558000
a_218,F2759623,691787,C55234,p100,2020-01-15,636000
a_219,B6051662,571629,C53694,p400,2021-10-09,523000
a_220,A2011761,782892,C54807,p400,2022-07-28,407000
a_221,E4515199,888488,C56961,p400,2020-03-21,638000
a_222,A2047939,601014,C50704,p200,2021-11-15,323000
a_223,C4404692,225473,C53080,p200,2022-09-27,312000
a_224,F1848534,592435,C57890,p500,2022-07-06,678000
a_225,E7522700,433297,C56726,p500,2022-07-30,307000
a_226,B8857876,741655,C53426,p600,2020-02-08,285000
a_227,F7078753,365269,C57578,p200,2021-07-16,754000
a_228,A2047726,783500,C50094,p500,2022-04-06,364000
a_229,B6376381,556744,C52446,p600,2020-06-05,201000
a_230,A4977604,389054,C58334,p200,2020-09-29,256000
a_231,D2934563,889774,C56587,p500,2021-04-10,114000
a_232,F5146631,870280,C54140,p600,2020-05-09,290000
a_233,F7974461,367871,C53113,p600,2021-04-25,409000
a_234,C6663962,929461,C54078,p200,2020-12-01,508000
a_235,D3060380,728097,C51504,p600,2021-01-21,651000
a_236,C4711740,622781,C50869,p700,2021-12-01,351000
a_237,D2222349,691787,C57356,p300,2021-10-13,339000
a_238,F3220185,306559,C57798,p500,2022-02-12,964000
a_239,B4380549,929461,C57525,p600,2021-06-09,645000
a_240,C6191196,783500,C54807,p300,2022-12-17,181000
a_241,A5178610,541952,C59500,p100,2022-11-05,675000
a_242,D2918597,728097,C57802,p600,2020-09-30,912000
a_243,C6377779,828225,C50022,p200,2021-05-07,236000
a_244,D8787037,451696,C57080,p100,2020-11-14,624000
a_245,C1574040,547782,C56612,p200,2022-04-10,261000
a_246,A4040982,223501,C57920,p600,2020-04-03,324000
a_247,F3379282,646138,C52928,p600,2022-02-27,738000
a_248,C2398891,728097,C53546,p600,2020-04-23,712000
a_249,E6359076,314453,C59924,p100,2021-02-07,715000
a_250,D5154865,267231,C51468,p700,2021-12-07,698000
a_251,B1156044,267231,C54477,p600,2022-11-26,568000
a_252,E1347800,741655,C56266,p700,2020-05-10,205000
a_253,D6086464,752235,C53171,p400,2021-08-15,197000
a_254,E7633622,299218,C55645,p400,2021-04-24,742000
a_255,C6345838,541952,C56335,p100,2021-02-21,685000
a_256,E4919551,728097,C50760,p100,2022-03-30,207000
a_257,B1830428,708313,C51279,p600,2020-02-22,476000
a_258,D7929595,142555,C55356,p600,2021-07-19,805000
a_259,A5138222,759091,C56288,p100,2021-05-14,984000
a_260,D6925328,439610,C58207,p500,2022-10-25,338000
a_261,F1262072,633447,C57927,p300,2020-03-04,503000
a_262,B8452474,280189,C50989,p200,2021-07-27,767000
a_263,E4223709,592435,C59031,p500,2022-04-05,832000
a_264,E6908202,253754,C58748,p400,2020-02-22,911000
a_265,A7538008,359102,C59856,p200,2021-06-17,769000
a_266,B4402976,351031,C50943,p300,2021-04-05,964000
a_267,E1240512,420312,C53080,p500,2021-01-10,833000
a_268,C8445192,388490,C57802,p600,2022-09-12,461000
a_269,F5077421,420312,C53352,p700,2022-02-04,102000
a_270,F5254487,119942,C59251,p400,2022-10-20,735000
a_271,E5032137,942262,C57607,p600,2021-03-16,511000
a_272,B4434369,773326,C57026,p500,2020-11-25,737000
a_273,B3128971,723674,C58088,p300,2021-08-30,868000
a_274,F7278278,283761,C58722,p500,2022-03-14,293000
a_275,D7187094,643025,C53734,p600,2021-02-25,200000
a_276,C2124560,314453,C57802,p400,2022-01-20,100000
a_277,E7061166,365269,C59632,p500,2022-09-10,350000
a_278,D5876490,723674,C50189,p100,2021-10-19,790000
a_279,A2593934,121238,C50728,p600,2022-03-11,258000
a_280,C8666750,918769,C52792,p400,2022-01-05,434000
a_281,E5698696,367871,C56961,p100,2021-03-10,588000
a_282,C8731465,699208,C57050,p700,2021-03-27,397000
a_283,F2329581,836654,C57138,p600,2022-04-07,169000
a_284,C5492043,456688,C57138,p200,2020-05-06,715000
a_285,E6232140,102634,C51768,p600,2022-08-19,964000
a_286,C4102762,391073,C51759,p200,2020-01-29,477000
a_287,A1918054,359102,C53113,p400,2020-12-13,251000
a_288,A6733187,741655,C50248,p100,2022-10-12,305000
a_289,F7227146,934429,C54791,p400,2021-10-07,201000
a_290,C1347708,306559,C59945,p100,2020-10-27,866000
a_291,A7127895,723674,C56020,p600,2022-02-21,819000
a_292,B6394429,782892,C53546,p200,2020-01-18,555000
a_293,F5948568,913137,C59748,p600,2022-08-15,371000
a_294,E4123333,773326,C50576,p200,2022-09-10,396000
a_295,E3679358,728097,C50989,p700,2020-06-18,591000
a_296,F2135797,348325,C56586,p100,2022-05-02,196000
a_297,F1881946,541952,C50190,p600,2022-09-09,314000
a_298,F4640597,389054,C55795,p400,2020-05-29,159000
a_299,D3619608,850104,C56392,p200,2020-09-18,652000
a_300,D5076515,942262,C59632,p600,2022-03-24,571000
a_301,F3484857,934429,C54601,p400,2022-11-26,667000
a_302,D4819462,518825,C50935,p100,2020-08-31,814000
a_303,E3039249,827925,C56020,p700,2020-03-01,351000
a_304,B3823938,267231,C59967,p300,2022-05-03,499000
a_305,B3203860,749684,C54477,p300,2021-08-20,487000
a_306,A6834624,947712,C56444,p700,2021-12-03,769000
a_307,E6054480,223501,C54601,p500,2022-06-09,209000
a_308,E1259647,836654,C53612,p200,2021-10-13,949000
a_309,C2774603,547782,C50935,p300,2022-02-27,652000
a_310,A3828913,592435,C56288,p300,2021-11-27,574000
a_311,E7155205,942262,C56174,p100,2020-04-30,970000
a_312,B5613194,859330,C59202,p600,2022-02-09,912000
a_313,A4994679,253754,C55652,p600,2022-08-14,911000
a_314,F7773085,248812,C58123,p500,2022-11-25,503000
a_315,F3998899,225473,C57050,p200,2020-08-20,584000
a_316,A8717304,870280,C54321,p500,2022-07-30,715000
a_317,B2527845,752235,C57746,p500,2022-01-17,427000
a_318,F7564839,673595,C53314,p100,2020-01-09,564000
a_319,A3461242,562559,C50190,p500,2022-04-03,268000
a_320,C5835523,433297,C53771,p100,2022-02-04,166000
a_321,A5360413,870280,C52678,p100,2020-06-22,275000
a_322,C8082604,752235,C50344,p600,2022-12-21,247000
a_323,E5110972,248812,C55131,p300,2020-04-16,624000
a_324,A2666684,547782,C53546,p400,2020-10-21,789000
a_325,B1584546,889774,C56302,p100,2022-02-09,864000
a_326,E3422699,299218,C58207,p600,2022-01-19,358000
a_327,B6740754,781748,C58748,p400,2022-07-02,672000
a_328,F4092253,348325,C57798,p200,2020-04-02,619000
a_329,C3928123,749684,C56266,p500,2021-08-10,858000
a_330,A4603731,889774,C56184,p200,2020-08-25,778000
a_331,C6706733,240750,C55517,p600,2022-10-15,857000
a_332,A7518471,865372,C56587,p500,2020-03-11,417000
a_333,D2584289,646138,C59126,p200,2020-10-07,139000
a_334,A8657783,541952,C58741,p700,2020-04-04,549000
a_335,C8868029,859330,C59439,p200,2022-09-09,593000
a_336,A7185298,611303,C59967,p700,2021-11-09,564000
a_337,B5508345,359102,C51504,p200,2021-01-16,329000
a_338,C5646868,351031,C59979,p700,2022-11-27,491000
a_339,E7489785,633447,C56356,p700,2022-04-09,404000
a_340,C2060174,814758,C59715,p600,2020-04-22,625000
a_341,B7917031,759091,C58050,p400,2022-03-25,196000
a_342,D6468422,456688,C50222,p100,2022-08-22,537000
a_343,E4236697,804837,C51448,p100,2022-03-21,309000
a_344,E6560931,767765,C58940,p300,2021-11-28,772000
a_345,B7236821,767765,C55795,p600,2022-01-17,400000
a_346,F3212182,592435,C58995,p200,2020-09-16,473000
a_347,D5620571,388490,C57190,p600,2021-11-09,291000
a_348,A2904747,836654,C55356,p100,2021-09-02,686000
a_349,C7382977,646138,C54030,p100,2021-05-29,949000
a_350,C7542120,454332,C56092,p600,2020-09-25,301000
a_351,C4611671,365269,C57798,p700,2022-02-27,246000
a_352,B5046198,420312,C57145,p300,2020-05-05,390000
a_353,F3702788,571629,C58189,p600,2021-05-25,820000
a_354,B3737727,547782,C54547,p500,2020-10-28,518000
a_355,C6091767,804837,C50978,p300,2022-12-28,193000
a_356,C6792802,783500,C51053,p500,2020-05-27,885000
a_357,F1207111,981938,C53369,p200,2021-03-26,808000
a_358,C3299844,547782,C55766,p600,2021-12-21,838000
a_359,F4809141,541952,C58334,p400,2021-12-08,811000
a_360,D1378889,456688,C53237,p300,2021-01-18,329000
a_361,E8833802,601014,C59126,p700,2022-05-10,413000
a_362,D7821910,673595,C59868,p700,2020-12-31,200000
a_363,C8116483,828225,C51662,p600,2020-07-18,830000
a_364,E1581121,367871,C59715,p400,2020-08-12,640000
a_365,F6431488,155067,C57802,p200,2022-06-23,489000
a_366,E6398685,391073,C50978,p400,2022-10-25,855000
a_367,B7460164,359102,C59979,p100,2020-12-02,497000
a_368,A6629636,749684,C51080,p700,2021-10-09,989000
a_369,C5969768,562559,C55131,p100,2020-04-09,666000
a_370,E8355086,143682,C58640,p400,2020-08-06,713000
a_371,F8030076,942262,C52767,p700,2021-03-17,880000
a_372,D5175225,592435,C58741,p700,2020-02-06,347000
a_373,F3874429,592435,C53612,p100,2022-08-18,777000
a_374,A1152095,420312,C51341,p600,2020-10-10,786000
a_375,A5369472,274894,C53546,p700,2022-09-03,596000
a_376,B3093245,633447,C50869,p300,2020-03-23,185000
a_377,A4593848,804837,C58640,p600,2022-07-17,673000
a_378,C8831722,451696,C53171,p100,2022-12-22,391000
a_379,B7358284,253754,C55766,p700,2021-04-13,458000
a_380,B8588304,804837,C50189,p500,2022-05-20,347000
a_381,B4469654,634950,C55204,p300,2021-01-27,442000
a_382,E8748347,299218,C50978,p400,2020-10-02,625000
a_383,A5711280,804837,C55939,p300,2022-12-06,725000
a_384,E6623952,389054,C53734,p200,2021-09-23,330000
a_385,A4867194,949842,C51080,p700,2021-08-30,448000
a_386,C7182008,918769,C50642,p600,2021-07-15,719000
a_387,C5559045,267231,C59412,p700,2021-03-30,919000
a_388,F2855613,723674,C51545,p600,2021-11-03,885000
a_389,D1331710,299218,C53612,p200,2020-09-30,942000
a_390,D1245987,795263,C59412,p400,2021-11-03,826000
a_391,C8102201,389054,C58251,p500,2020-12-20,794000
a_392,E7616111,643935,C58251,p300,2022-10-18,381000
a_393,F1910517,518825,C59717,p200,2022-10-04,173000
a_394,F1929229,646138,C53156,p200,2020-10-26,482000
a_395,B5904164,814758,C55603,p100,2022-08-16,107000
a_396,C5997417,934429,C57351,p300,2021-10-25,315000
a_397,E1866441,314898,C55028,p100,2020-10-27,468000
a_398,F2184210,359102,C56302,p300,2022-07-23,587000
a_399,B6352215,646138,C50248,p600,2021-05-21,617000
a_400,A7479562,314453,C55383,p300,2021-07-21,657000
a_401,D3138406,795263,C59313,p400,2022-06-07,816000
a_402,F6336261,314453,C56331,p100,2021-07-27,122000
a_403,A8792189,708313,C50288,p400,2022-04-05,560000
a_404,E5918863,314898,C52792,p300,2020-04-11,625000
a_405,C7971071,752235,C50642,p600,2022-12-29,347000
a_406,A3363323,456688,C53729,p600,2022-08-22,953000
a_407,F6054394,121238,C55914,p300,2022-12-26,669000
a_408,B3140901,795263,C50190,p200,2021-01-27,480000
a_409,E7184902,248812,C55938,p500,2021-02-21,435000
a_410,E3996106,242877,C55102,p200,2020-12-01,882000
a_411,B3172226,850104,C59715,p400,2021-09-03,165000
a_412,B6800830,454332,C50733,p500,2020-01-29,752000
a_413,C8480482,102634,C50049,p300,2020-12-04,193000
a_414,C2415481,799164,C55645,p300,2022-11-19,983000
a_415,C4498571,759091,C55645,p100,2022-10-10,685000
a_416,D1641193,541952,C58095,p400,2020-04-06,982000
a_417,E8802926,745395,C57927,p600,2021-04-06,618000
a_418,E8260197,299218,C56444,p300,2020-05-03,820000
a_419,D5642217,451696,C55839,p300,2021-04-22,451000
a_420,B4070081,798525,C58334,p200,2021-07-17,915000
a_421,B5990348,814758,C57791,p100,2022-07-26,137000
a_422,A6729716,100765,C55938,p200,2020-04-30,134000
a_423,B4882044,622781,C59945,p700,2022-10-11,514000
a_424,E6444329,673595,C51193,p300,2022-04-22,126000
a_425,E3815222,949842,C59979,p600,2022-11-03,471000
a_426,A3261224,242877,C53819,p100,2021-01-30,955000
a_427,D2573150,365269,C57746,p600,2020-06-13,903000
a_428,B8316627,562559,C53254,p300,2022-06-12,688000
a_429,F5995106,781748,C50576,p100,2021-03-24,297000
a_430,E4382167,365269,C52509,p400,2020-08-03,264000
a_431,E3508419,929461,C50049,p100,2021-07-21,326000
a_432,E3212718,949842,C58269,p700,2020-12-27,982000
a_433,C5897634,870280,C56358,p500,2021-03-03,269000
a_434,E7329783,918769,C59494,p400,2020-01-23,853000
a_435,A3902368,359102,C59003,p500,2020-12-25,681000
a_436,E1936373,207340,C53251,p700,2021-08-30,191000
a_437,D8803030,708313,C53819,p100,2021-08-13,176000
a_438,D4981168,119942,C51448,p700,2022-07-28,367000
a_439,B4533206,850104,C53766,p400,2020-10-14,848000
a_440,D5184545,562559,C51759,p700,2022-05-06,941000
a_441,A7115955,388490,C52071,p600,2020-07-31,343000
a_442,F3721547,389054,C57976,p600,2021-11-22,255000
a_443,F3977636,782892,C50704,p200,2020-12-03,147000
a_444,B1764390,102634,C57920,p600,2022-11-14,339000
a_445,B4412027,741655,C53595,p400,2020-08-18,210000
a_446,D1844242,314898,C57794,p500,2022-02-08,512000
a_447,B4809567,314898,C55198,p100,2022-04-05,965000
a_448,B2369239,405276,C50029,p300,2020-05-08,108000
a_449,B2942657,691787,C52711,p400,2021-07-02,717000
a_450,B4972872,723674,C57636,p700,2020-07-08,324000
a_451,D8396208,359102,C50337,p100,2022-09-20,434000
a_452,B2438069,643025,C55204,p200,2022-01-19,359000
a_453,C1631347,253754,C53766,p500,2021-09-28,781000
a_454,D4976110,741655,C52792,p700,2022-12-12,761000
a_455,A6301473,814758,C57971,p700,2021-04-11,919000
a_456,F2060097,197769,C54078,p300,2021-05-25,288000
a_457,E3452625,225473,C50943,p700,2020-08-01,141000
a_458,A6504136,450449,C59748,p200,2021-09-29,226000
a_459,C5120733,267231,C54582,p500,2021-01-17,726000
a_460,B5056378,949842,C53237,p400,2020-01-11,782000
a_461,D6487675,782892,C59967,p500,2020-01-16,245000
a_462,F3924216,571629,C50642,p100,2021-06-11,860000
a_463,F4869791,456688,C50029,p600,2021-03-13,613000
a_464,B5880877,314453,C58971,p100,2022-01-07,432000
a_465,B2332386,267231,C56288,p500,2020-02-11,809000
a_466,D7190243,456688,C59967,p600,2020-07-02,585000
a_467,E2726567,348325,C54146,p500,2022-09-09,539000
a_468,C7288673,248812,C55450,p200,2022-05-25,208000
a_469,D2839676,673595,C57255,p100,2021-11-05,146000
a_470,E7043651,351031,C59423,p500,2020-12-30,948000
a_471,B1603059,571629,C56301,p200,2020-10-29,709000
a_472,F4714070,934429,C51762,p500,2022-04-02,260000
a_473,F6817009,280189,C52081,p700,2021-10-25,117000
a_474,D7989029,723674,C57794,p100,2021-12-08,618000
a_475,E5192832,799164,C55603,p100,2020-04-25,686000
a_476,C7662574,253754,C50860,p700,2020-12-06,461000
a_477,A7423914,723674,C52509,p200,2021-08-05,797000
a_478,F5692234,728097,C53729,p700,2021-07-27,322000
a_479,B7875217,759091,C55754,p400,2022-12-05,920000
a_480,E3994305,745395,C58088,p200,2020-05-08,212000
a_481,B7988617,942262,C57920,p300,2022-12-23,328000
a_482,C6258654,102634,C53595,p700,2022-05-27,862000
a_483,D6215081,929461,C53113,p400,2021-11-13,405000
a_484,F5746120,454332,C50082,p100,2022-10-09,698000
a_485,E4374322,547782,C53207,p500,2022-04-10,439000
a_486,E3026880,121238,C52377,p100,2022-10-26,338000
a_487,A8557622,673595,C50285,p600,2022-03-06,189000
a_488,D7042047,592435,C55839,p500,2020-01-08,358000
a_489,D8784465,929461,C52767,p700,2021-11-15,607000
a_490,F8526003,850104,C58722,p100,2021-10-12,258000
a_491,A8139569,814758,C50733,p200,2021-01-27,998000
a_492,A8532570,267231,C53468,p600,2021-12-29,185000
a_493,F3032694,752235,C58334,p600,2021-02-24,521000
a_494,C1726256,889774,C53369,p600,2022-08-23,266000
a_495,D6011558,691787,C58499,p700,2021-09-01,288000
a_496,E5011009,947712,C51662,p400,2021-07-30,875000
a_497,E5598163,918769,C59967,p500,2022-03-21,570000
a_498,C3674366,870280,C59126,p200,2022-08-18,280000
a_499,F6848651,745395,C52583,p400,2020-03-07,556000
a_500,C2237140,174144,C50576,p200,2022-09-17,403000
a_501,F5430980,207340,C53819,p200,2022-05-15,245000
a_502,D8077365,865372,C50695,p100,2020-03-14,696000
a_503,C6849225,699208,C55795,p100,2021-09-15,249000
a_504,F2718172,633447,C53314,p700,2021-12-09,500000
a_505,F4131044,223501,C53254,p200,2022-12-03,622000
a_506,D7881582,240750,C55028,p300,2020-08-10,878000
a_507,E7458434,225473,C56869,p600,2021-04-01,625000
a_508,D4872024,389054,C55383,p500,2021-02-05,326000
a_509,B7612138,299218,C50022,p200,2022-06-24,979000
a_510,B7035392,949842,C54582,p300,2022-12-02,587000
a_511,E6553787,870280,C51936,p400,2021-03-10,600000
a_512,D4021270,207340,C58994,p100,2021-08-04,520000
a_513,F5991069,708313,C52421,p400,2020-07-18,807000
a_514,D6363147,918769,C51080,p100,2020-03-01,968000
a_515,C4395780,611303,C51462,p200,2021-08-27,242000
a_516,D3974320,274894,C55517,p500,2020-03-14,723000
a_517,A3691611,795263,C57949,p500,2021-03-03,917000
a_518,B5359599,267231,C53813,p700,2020-01-12,769000
a_519,E1473146,143682,C56358,p200,2020-08-12,649000
a_520,F8562530,451696,C57949,p200,2021-02-13,925000
a_521,D5325387,547782,C56335,p400,2022-04-23,463000
a_522,A5461172,961702,C59478,p500,2022-05-17,886000
a_523,A8261489,643025,C52792,p400,2020-12-14,831000
a_524,E1586311,949842,C57947,p500,2020-07-19,525000
a_525,F8288724,708313,C59632,p200,2020-04-11,874000
a_526,E3559173,781748,C53257,p100,2021-04-06,854000
a_527,A7862830,433297,C55766,p700,2021-07-22,204000
a_528,E3754509,889774,C58334,p700,2020-10-07,649000
a_529,F4814043,634950,C56335,p400,2021-08-30,499000
a_530,D6271748,451696,C50978,p200,2021-12-15,101000
a_531,F6913196,433297,C59439,p200,2021-03-09,118000
a_532,A7975054,388490,C53643,p500,2022-03-30,464000
a_533,A1371625,454332,C59924,p300,2020-07-26,176000
a_534,E5712253,351031,C57525,p400,2020-01-31,230000
a_535,E7705718,699208,C53925,p400,2021-09-17,314000
a_536,B1363742,723674,C54619,p600,2020-04-12,349000
a_537,B3210501,359102,C50248,p500,2022-08-18,713000
a_538,B3228600,611303,C56092,p200,2020-12-04,863000
a_539,F5139471,728097,C59494,p600,2020-10-08,700000
a_540,D4550920,306559,C55204,p200,2021-06-16,799000
a_541,C6424324,749684,C59715,p600,2022-07-16,281000
a_542,F6923545,242877,C55356,p600,2020-04-14,609000
a_543,A1501035,643935,C59319,p100,2022-04-24,904000
a_544,B8468968,547782,C56331,p500,2022-04-26,804000
a_545,D2892913,398626,C52446,p400,2022-11-27,665000
a_546,C4063433,240750,C53080,p400,2022-06-22,772000
a_547,D5238583,240750,C51618,p700,2021-06-16,596000
a_548,C7048499,646138,C57117,p100,2021-01-27,262000
a_549,F1258313,723674,C57971,p500,2020-03-19,191000
a_550,C7766531,745395,C57976,p100,2022-10-07,868000
a_551,F7085226,348325,C55102,p500,2022-08-27,161000
a_552,A3466281,828225,C56266,p200,2020-09-23,143000
a_553,C3624770,942262,C56301,p200,2020-02-09,165000
a_554,F6104205,365269,C55198,p500,2020-01-10,393000
a_555,D3945035,752235,C57802,p200,2020-01-29,948000
a_556,A4808196,918769,C50189,p700,2022-08-15,729000
a_557,D4855772,454332,C54652,p200,2020-01-17,734000
a_558,A2485863,225473,C53925,p200,2021-03-07,468000
a_559,F4709165,405276,C53766,p600,2022-02-27,429000
a_560,F3911722,119942,C58269,p300,2022-02-22,484000
a_561,C2288566,745395,C51545,p300,2020-02-14,523000
a_562,F8440281,306559,C51279,p700,2022-03-14,993000
a_563,D2705803,280189,C52767,p700,2022-11-04,316000
a_564,D3760682,888488,C54030,p100,2022-07-24,751000
a_565,F6869905,601014,C53595,p300,2021-03-03,432000
a_566,A3085141,850104,C53813,p500,2022-01-24,932000
a_567,E8214333,174144,C54030,p700,2020-12-06,981000
a_568,F1955120,889774,C57802,p100,2022-12-27,923000
a_569,C8640439,518825,C57138,p600,2022-06-24,885000
a_570,A6607260,633447,C57190,p200,2022-04-26,883000
a_571,B4907619,102634,C53546,p300,2021-12-16,607000
a_572,A2773451,267231,C58334,p500,2022-01-27,615000
a_573,F8818101,804837,C50869,p100,2021-02-15,913000
a_574,D6752719,562559,C55387,p300,2021-08-23,444000
a_575,D1849627,451696,C51662,p400,2022-09-27,788000
a_576,E8733315,433297,C50189,p600,2022-02-15,289000
a_577,D7028448,283761,C50082,p700,2020-02-04,472000
a_578,C8753010,240750,C50587,p300,2021-04-18,145000
a_579,F5253786,454332,C57794,p200,2020-07-30,982000
a_580,B5250360,559400,C51266,p300,2020-12-10,764000
a_581,A5966161,100765,C51662,p700,2021-08-28,837000
a_582,B2627984,547782,C57920,p300,2021-06-06,664000
a_583,F4715980,865372,C50837,p500,2020-06-19,673000
a_584,F3446901,242877,C55766,p500,2020-09-02,235000
a_585,E2913729,283761,C57117,p400,2021-07-07,324000
a_586,E6777326,365269,C50869,p700,2021-09-22,669000
a_587,C3261996,274894,C59432,p100,2022-11-01,281000
a_588,B5292119,634950,C50280,p400,2022-06-12,341000
a_589,F8064503,814758,C50704,p200,2021-06-05,722000
a_590,C3249812,280189,C54836,p100,2021-06-06,369000
a_591,C4455552,643935,C54046,p500,2021-02-21,305000
a_592,A2774735,622781,C58994,p200,2021-05-04,272000
a_593,C1391950,304138,C50787,p100,2022-10-19,530000
a_594,F1412357,913137,C55652,p700,2022-03-23,878000
a_595,E6271179,699208,C54312,p400,2020-09-12,869000
a_596,B4525877,749684,C52183,p600,2020-10-26,131000
a_597,D6684129,299218,C55914,p300,2020-10-28,381000
a_598,B8762016,781748,C56358,p200,2021-04-09,718000
a_599,A8575429,304138,C54836,p200,2022-10-26,240000
a_600,C7306673,782892,C57080,p100,2020-06-08,547000
a_601,B8725463,723674,C53771,p400,2022-12-20,657000
a_602,D1341326,870280,C57190,p600,2022-06-19,360000
a_603,C2564759,888488,C57255,p700,2021-07-11,906000
a_604,D5726956,433297,C56092,p700,2021-02-15,103000
a_605,F2466949,253754,C59500,p700,2021-12-30,669000
a_606,D5395880,174144,C55698,p600,2020-03-15,487000
a_607,D8858824,388490,C58741,p200,2021-11-27,316000
a_608,F7860191,391073,C51667,p100,2021-02-26,324000
a_609,F2018103,454332,C53009,p200,2021-02-09,237000
a_610,B7396759,102634,C55234,p600,2022-12-25,290000
a_611,F2444953,223501,C57026,p600,2022-04-03,444000
a_612,A2990632,888488,C59251,p400,2022-07-09,117000
a_613,D8822258,223501,C57607,p200,2022-03-06,644000
a_614,F8484205,981938,C54306,p400,2022-12-23,978000
a_615,D7817687,728097,C56954,p500,2022-12-25,793000
a_616,C8513310,929461,C53766,p200,2022-02-17,922000
a_617,B4922874,633447,C58050,p600,2021-04-17,915000
a_618,E1953026,388490,C52519,p700,2021-11-18,653000
a_619,E8826710,180825,C55387,p600,2021-03-24,741000
a_620,C2665371,767765,C56358,p500,2021-11-09,222000
a_621,A1836978,100765,C57713,p600,2021-01-06,855000
a_622,E3216900,592435,C57117,p500,2022-09-28,424000
a_623,A7183735,283761,C50049,p100,2020-10-21,707000
a_624,F3277255,143682,C57050,p600,2020-06-04,967000
a_625,F7882455,633447,C58123,p300,2022-11-21,681000
a_626,A5112997,221447,C55654,p600,2021-11-30,499000
a_627,F5421061,749684,C54209,p500,2022-11-08,998000
a_628,F3235759,643935,C52509,p600,2021-02-28,377000
a_629,F3194342,180825,C54619,p600,2022-05-15,797000
a_630,C1355419,745395,C57890,p600,2022-12-28,518000
a_631,C1193256,304138,C59322,p600,2020-05-22,431000
a_632,D4553382,450449,C56444,p700,2022-04-19,818000
a_633,C3187398,456688,C53156,p600,2022-07-12,258000
a_634,C6074339,304138,C59718,p100,2020-11-02,578000
a_635,B2957517,314898,C52262,p400,2021-08-19,501000
a_636,F8438751,547782,C59716,p600,2022-12-01,851000
a_637,B7977831,274894,C55698,p200,2020-11-04,939000
a_638,A8144535,981938,C53254,p400,2020-05-27,320000
a_639,D7651722,314898,C58382,p400,2021-04-26,663000
a_640,E8625645,143682,C53468,p700,2021-01-04,254000
a_641,C8038268,433297,C53314,p200,2021-12-11,347000
a_642,D8178158,283761,C50695,p400,2021-10-05,172000
a_643,A6104199,559400,C53925,p400,2021-06-05,652000
a_644,B6417100,121238,C50865,p200,2021-02-07,801000
a_645,E2152663,389054,C51781,p400,2021-11-25,498000
a_646,D6868281,562559,C53819,p200,2021-10-14,755000
a_647,F4617260,601014,C57927,p200,2022-03-13,252000
a_648,E5132363,274894,C52509,p200,2021-11-04,442000
a_649,C2630335,119942,C52792,p100,2020-01-31,274000
a_650,B4178264,304138,C58640,p600,2021-06-16,928000
a_651,F5139253,745395,C53207,p600,2021-02-14,652000
a_652,D2279056,773326,C54564,p400,2020-02-26,313000
a_653,C6026041,365269,C53813,p100,2022-04-30,630000
a_654,B8329785,699208,C50728,p600,2020-11-11,292000
a_655,E8769511,798525,C56335,p300,2022-11-15,656000
a_656,C2539718,456688,C55645,p500,2020-05-20,238000
a_657,D3358787,888488,C52352,p600,2021-12-30,886000
a_658,A5325987,633447,C55698,p600,2021-04-15,842000
a_659,A7573404,223501,C52509,p400,2020-02-05,630000
a_660,E2972828,643025,C53009,p200,2022-10-11,467000
a_661,B6493630,571629,C58499,p400,2020-01-21,351000
a_662,D4566475,799164,C51662,p500,2022-01-11,826000
a_663,B4300305,359102,C50248,p400,2020-08-23,193000
a_664,C4058285,934429,C53546,p100,2021-11-05,214000
a_665,C3146248,745395,C59319,p200,2020-11-26,730000
a_666,C6844631,280189,C58334,p700,2022-03-15,640000
a_667,C5102603,870280,C51762,p500,2020-10-09,959000
a_668,D6147243,828225,C55877,p100,2022-04-24,621000
a_669,D7417498,934429,C57356,p500,2022-02-18,693000
a_670,A4398509,451696,C53729,p500,2020-04-22,571000
a_671,B3597486,752235,C52071,p300,2021-11-12,138000
a_672,E5640024,420312,C59764,p200,2021-07-08,520000
a_673,F4737196,708313,C50344,p600,2021-08-28,676000
a_674,D7196924,299218,C52792,p400,2021-12-28,250000
a_675,C4618311,274894,C50494,p600,2021-05-01,423000
a_676,C5122269,611220,C57890,p700,2022-04-14,111000
a_677,E7084845,562559,C53813,p200,2021-03-19,664000
a_678,C7493252,223501,C54209,p400,2022-12-25,954000
a_679,A8422396,559400,C59500,p300,2020-01-07,928000
a_680,D3031990,673595,C50291,p400,2021-09-01,205000
a_681,D4845557,981938,C58995,p200,2020-02-05,887000
a_682,D5666638,221447,C56869,p200,2022-03-15,933000
a_683,C6155609,197769,C56966,p300,2022-10-09,175000
a_684,B1266379,299218,C58994,p500,2022-02-17,490000
a_685,A5904045,828225,C57145,p100,2022-02-21,190000
a_686,A1249431,611303,C56473,p200,2021-02-19,592000
a_687,C1284910,391073,C52352,p200,2020-09-04,740000
a_688,B6510952,142555,C54557,p300,2021-10-22,790000
a_689,E6367581,221447,C59717,p600,2021-09-18,994000
a_690,F2135582,143682,C50978,p200,2022-02-02,816000
a_691,F3713745,929461,C55198,p700,2022-08-23,210000
a_692,A8630789,798525,C50285,p500,2022-02-17,724000
a_693,E1968222,398626,C59718,p200,2022-04-03,141000
a_694,A1914285,314453,C52678,p100,2020-10-01,153000
a_695,D1209005,240750,C54791,p400,2020-05-14,476000
a_696,E3030122,253754,C50026,p300,2021-10-02,497000
a_697,A5018806,267231,C51462,p600,2022-10-30,429000
a_698,F8551162,359102,C51768,p600,2021-02-06,709000
a_699,F4998384,918769,C50627,p400,2022-06-23,231000
a_700,E6610799,571629,C52703,p300,2021-12-17,613000
a_701,C4814469,691787,C53156,p600,2022-06-27,428000
a_702,C2579810,918769,C50760,p200,2022-10-26,270000
a_703,B6632603,622781,C54030,p400,2020-07-19,888000
a_704,B4095499,942262,C53125,p600,2022-01-16,499000
a_705,B6072963,728097,C58095,p700,2022-01-26,430000
a_706,F2101327,798525,C58748,p300,2020-03-07,260000
a_707,A8090223,634950,C55131,p200,2020-07-30,443000
a_708,D7088435,456688,C53468,p100,2021-10-02,869000
a_709,D2582133,836654,C52703,p100,2022-01-04,746000
a_710,C7032891,451696,C58379,p500,2020-06-20,741000
a_711,C5531898,304138,C54807,p700,2021-07-31,948000
a_712,D1588854,454332,C57117,p500,2021-04-05,975000
a_713,C6519169,745395,C55146,p600,2021-10-30,644000
a_714,F6225634,773326,C57927,p100,2021-06-14,766000
a_715,A5398335,433297,C56169,p400,2021-10-13,100000
a_716,E3459935,351031,C50082,p400,2022-06-05,104000
a_717,B3777640,699208,C53729,p700,2022-06-14,726000
a_718,B6127490,518825,C52183,p100,2021-08-07,344000
a_719,A6755686,541952,C50190,p700,2021-10-17,239000
a_720,F8401737,949842,C50695,p300,2021-12-15,471000
a_721,D5553044,828225,C53729,p500,2020-09-09,112000
a_722,C6413212,304138,C55028,p400,2021-02-21,948000
a_723,F4944604,723674,C56356,p300,2020-04-04,892000
a_724,C2700351,643935,C52655,p300,2021-11-22,193000
a_725,C1378407,456688,C54619,p200,2020-11-26,563000
a_726,B6473225,242877,C57954,p500,2020-01-30,313000
a_727,A7163064,541952,C54557,p700,2022-01-07,242000
a_728,C3358062,611303,C52421,p200,2021-07-24,107000
a_729,F7274532,728097,C52583,p700,2022-06-13,240000
a_730,C1790250,934429,C53813,p200,2020-03-12,351000
a_731,C7940125,888488,C55768,p100,2022-10-02,776000
a_732,F6633215,781748,C58269,p100,2022-12-06,419000
a_733,C8309940,699208,C54601,p400,2020-03-11,982000
a_734,D1145419,828225,C56473,p200,2021-12-10,582000
a_735,F8714189,749684,C51193,p400,2020-11-05,719000
a_736,D1521094,643025,C58189,p300,2022-01-17,454000
a_737,F5374750,888488,C59632,p300,2020-01-24,241000
a_738,E1215400,100765,C53964,p400,2021-08-31,171000
a_739,D8063898,562559,C55131,p600,2020-07-28,204000
a_740,A6819327,559400,C52081,p200,2022-06-27,352000
a_741,B8035796,359102,C55204,p100,2022-08-15,299000
a_742,B5423323,240750,C56966,p300,2021-05-24,888000
a_743,B5665452,745395,C57138,p600,2020-03-01,189000
a_744,C1630311,749684,C56473,p500,2022-11-19,676000
a_745,A7267730,814758,C50285,p700,2021-07-31,234000
a_746,E8539636,306559,C57636,p400,2022-01-03,718000
a_747,B6230074,242877,C52179,p400,2021-11-24,994000
a_748,C5142415,207340,C50528,p700,2022-06-27,127000
a_749,D6228750,741655,C51341,p500,2022-10-16,607000
a_750,E4345329,759091,C58682,p600,2020-11-18,949000
a_751,E6099135,242877,C55497,p500,2020-12-08,275000
a_752,F6327389,870280,C56444,p700,2021-04-27,946000
a_753,E7534757,745395,C55204,p100,2021-11-06,729000
a_754,D4833105,420312,C57026,p500,2020-07-13,640000
a_755,C1497714,314453,C52711,p400,2020-06-12,151000
a_756,C3605098,889774,C57890,p200,2021-08-30,374000
a_757,C7726488,314898,C52183,p300,2022-06-13,191000
a_758,B3503400,622781,C50935,p500,2020-01-06,932000
a_759,C8222650,929461,C57578,p100,2020-07-20,782000
a_760,A8741300,947712,C50860,p100,2021-04-26,566000
a_761,A3343741,180825,C52405,p700,2022-09-30,937000
a_762,E5422114,643025,C50029,p700,2022-11-29,282000
a_763,B3174235,949842,C57117,p500,2020-01-21,587000
a_764,D1143794,248812,C52081,p400,2022-08-15,148000
a_765,C3182934,691787,C51080,p700,2020-04-04,1000000
a_766,A8655483,865372,C51266,p300,2022-05-25,874000
a_767,E2697884,248812,C54601,p300,2022-07-13,204000
a_768,B3578096,827925,C57039,p100,2022-08-21,341000
a_769,A8712735,225473,C55877,p500,2020-12-02,962000
a_770,A8342906,888488,C50869,p700,2021-03-03,260000
a_771,D6018704,100765,C51266,p500,2021-11-25,981000
a_772,B8659212,155067,C52711,p300,2021-09-02,132000
a_773,F5693735,197769,C59319,p500,2022-10-26,784000
a_774,B3445147,304138,C53207,p700,2021-10-26,371000
a_775,A8822483,934429,C59945,p600,2022-03-12,335000
a_776,B1586831,547782,C58189,p700,2020-11-10,678000
a_777,D2464505,781748,C51759,p500,2020-10-03,970000
a_778,B3955728,981938,C50733,p400,2022-04-05,172000
a_779,C4948483,745395,C55938,p100,2022-12-08,797000
a_780,B1435168,745395,C55938,p600,2021-10-26,912000
a_781,A4896701,752235,C52767,p600,2020-07-10,574000
a_782,F7573107,767765,C53335,p300,2020-08-22,845000
a_783,D2268418,223501,C59856,p400,2020-08-18,769000
a_784,A3333684,456688,C50587,p700,2022-01-22,665000
a_785,A8123898,691787,C54791,p500,2020-04-04,915000
a_786,B2841084,240750,C56612,p700,2022-12-18,995000
a_787,F7919102,643025,C55497,p200,2020-12-17,414000
a_788,D4938992,456688,C52179,p700,2021-10-25,266000
a_789,F2450962,723674,C58095,p600,2022-05-13,912000
a_790,A5822725,592435,C55161,p600,2022-04-20,724000
a_791,F5900460,391073,C51936,p600,2021-01-25,465000
a_792,D3558269,752235,C57026,p600,2022-01-18,437000
a_793,C8110774,934429,C53257,p300,2021-04-18,296000
a_794,A4157974,783500,C52405,p600,2020-05-22,998000
a_795,C4004534,592435,C52179,p500,2022-04-20,929000
a_796,D2381321,559400,C55146,p200,2020-11-30,121000
a_797,A2908169,633447,C56726,p700,2022-08-13,412000
a_798,D7308614,850104,C55754,p300,2022-11-29,402000
a_799,B1993550,119942,C56587,p700,2021-08-05,245000
a_800,D2860890,314453,C52519,p400,2021-01-19,450000
a_801,B2269511,913137,C53352,p700,2021-03-20,385000
a_802,D6542784,274894,C57802,p400,2021-11-28,515000
a_803,A5411064,767765,C59031,p600,2021-11-05,449000
a_804,B1681776,961702,C50760,p400,2021-05-04,975000
a_805,C5062380,398626,C57080,p400,2020-06-29,862000
a_806,F5723505,398626,C57920,p700,2021-08-04,969000
a_807,B6061436,314453,C52179,p700,2020-05-31,335000
a_808,F8747411,451696,C59003,p500,2020-05-13,140000
a_809,F1581291,559400,C50528,p700,2020-05-10,326000
a_810,A2991268,562559,C53593,p100,2020-06-07,609000
a_811,B4555625,643025,C53917,p300,2022-12-17,634000
a_812,F6423981,365269,C56869,p300,2020-03-15,248000
a_813,E7954516,267231,C53468,p500,2021-06-28,650000
a_814,F4786767,798525,C50576,p400,2020-02-09,124000
a_815,C2311162,299218,C57976,p700,2021-04-04,628000
a_816,A8420461,795263,C52377,p300,2022-09-06,848000
a_817,A1326408,633447,C59439,p500,2022-07-20,719000
a_818,E2412760,197769,C57607,p100,2022-09-09,719000
a_819,A1527865,934429,C55387,p400,2022-09-20,358000
a_820,E5999044,433297,C52678,p700,2021-07-28,638000
a_821,F1306307,420312,C55517,p700,2021-04-30,123000
a_822,B1680888,221447,C53314,p400,2022-09-16,791000
a_823,F4629360,121238,C56358,p600,2020-03-05,133000
a_824,D2588986,836654,C55839,p300,2021-10-15,344000
a_825,B8120590,388490,C52864,p300,2021-05-08,520000
a_826,B4036479,633447,C50989,p400,2020-01-16,947000
a_827,F7906332,918769,C53766,p400,2021-02-18,256000
a_828,A3256722,433297,C58334,p300,2022-07-02,171000
a_829,B4286687,348325,C57351,p700,2022-04-15,859000
a_830,D6171634,767765,C50285,p400,2021-10-29,695000
a_831,A2736447,365269,C54582,p200,2020-03-04,768000
a_832,A4689902,225473,C58309,p600,2020-02-18,733000
a_833,D8044250,836654,C55839,p200,2020-03-27,431000
a_834,C6199606,745395,C51279,p200,2021-04-20,608000
a_835,E5624371,870280,C55001,p200,2022-12-19,748000
a_836,D2219813,799164,C54652,p700,2020-04-25,523000
a_837,E6161135,949842,C55652,p300,2021-08-05,537000
a_838,A1701582,351031,C56392,p700,2021-11-10,936000
a_839,D2695897,348325,C50094,p300,2022-08-24,983000
a_840,B5813004,929461,C50337,p100,2021-12-23,968000
a_841,D8090007,274894,C56335,p300,2020-01-15,631000
a_842,F4069224,942262,C58334,p600,2021-07-27,528000
a_843,D2636424,562559,C59856,p200,2021-02-07,187000
a_844,D4753805,242877,C56095,p100,2020-01-05,332000
a_845,C3677740,981938,C51988,p500,2020-10-25,545000
a_846,F3840415,918769,C55652,p200,2022-12-11,641000
a_847,E6158037,850104,C54306,p300,2022-08-24,656000
a_848,D4186320,274894,C57255,p500,2020-11-14,561000
a_849,A6568761,949842,C52519,p400,2021-07-28,191000
a_850,E3331722,248812,C56038,p200,2021-04-24,607000
a_851,C8263659,348325,C58095,p100,2022-12-01,734000
a_852,D5539349,225473,C50190,p500,2022-06-25,173000
a_853,E4488825,420312,C57138,p600,2020-04-19,624000
a_854,F8220810,643935,C57351,p300,2022-10-16,447000
a_855,C5750083,646138,C55465,p300,2021-08-06,404000
a_856,B1641355,306559,C50049,p400,2020-07-18,602000
a_857,D6742151,981938,C52352,p400,2022-06-10,691000
a_858,E5865396,571629,C50029,p700,2020-10-13,890000
a_859,E2141463,888488,C50787,p600,2020-03-28,309000
a_860,B6279917,456688,C52711,p400,2021-07-28,791000
a_861,B7219360,405276,C59632,p400,2020-12-06,984000
a_862,C7187809,781748,C56356,p700,2022-06-15,536000
a_863,F6533592,646138,C52405,p300,2022-10-26,680000
a_864,B6392871,253754,C54791,p500,2020-02-21,592000
a_865,E7110679,773326,C59494,p300,2021-12-02,771000
a_866,C7596893,559400,C50704,p400,2021-05-12,539000
a_867,F6328929,741655,C54046,p500,2021-04-06,362000
a_868,A5138858,889774,C55938,p400,2020-10-29,941000
a_869,E6919904,728097,C54312,p500,2020-12-31,122000
a_870,A5256625,929461,C50189,p200,2020-02-13,448000
a_871,E5767749,351031,C50291,p200,2022-08-12,309000
a_872,F7612801,870280,C54582,p700,2022-03-29,204000
a_873,B2563607,646138,C57947,p200,2022-07-09,204000
a_874,C3017485,456688,C59918,p700,2022-09-01,672000
a_875,A5573745,248812,C56331,p600,2022-12-22,831000
a_876,C5322684,745395,C55978,p700,2021-05-07,634000
a_877,B8659873,389054,C56392,p700,2022-11-13,455000
a_878,D5702512,611303,C56966,p400,2020-06-12,214000
a_879,C6556770,783500,C58346,p500,2022-06-06,168000
a_880,E7824051,814758,C50695,p300,2021-01-06,479000
a_881,B1924172,934429,C56993,p500,2020-05-13,348000
a_882,D6745600,773326,C56869,p500,2020-07-04,699000
a_883,E4344461,836654,C54836,p300,2022-10-05,501000
a_884,E2986662,949842,C55978,p700,2021-08-24,595000
a_885,F3307606,267231,C55204,p200,2020-10-17,570000
a_886,F7955014,752235,C54078,p300,2021-01-21,666000
a_887,B7961958,781748,C50760,p300,2022-05-05,741000
a_888,C8638490,242877,C58189,p700,2022-02-28,656000
a_889,F8213647,870280,C56288,p100,2022-08-24,371000
a_890,B6041871,280189,C57794,p100,2022-11-10,490000
a_891,A8008423,889774,C57117,p700,2021-09-19,543000
a_892,E7477096,633447,C56961,p500,2022-05-04,561000
a_893,B4659457,643025,C57680,p600,2021-08-28,749000
a_894,E2885594,571629,C53171,p400,2020-01-27,669000
a_895,B5251472,391073,C53237,p400,2020-06-11,930000
a_896,F4246992,348325,C51988,p600,2020-05-19,935000
a_897,D4601367,759091,C51662,p200,2021-12-14,881000
a_898,B1539863,389054,C53369,p300,2020-03-10,209000
a_899,F2795627,351031,C53595,p100,2021-10-02,317000
a_900,F1403982,253754,C50029,p300,2021-04-20,754000
a_901,F2320170,306559,C58499,p500,2022-12-06,705000
a_902,B7010031,673595,C52405,p700,2022-09-25,449000
a_903,F7114145,741655,C55001,p400,2021-10-26,349000
a_904,F1369586,643025,C52767,p700,2021-09-19,495000
a_905,E2595590,391073,C50943,p100,2020-08-11,997000
a_906,B5362729,274894,C53771,p300,2020-06-11,889000
a_907,A4995597,850104,C53426,p600,2022-10-17,749000
a_908,C7833100,961702,C59290,p700,2020-02-29,700000
a_909,F8824130,450449,C52352,p100,2020-07-24,327000
a_910,B5168082,547782,C56169,p300,2022-07-31,200000
a_911,F2077416,942262,C59632,p700,2021-10-17,831000
a_912,E2785874,119942,C54046,p200,2020-05-30,944000
a_913,C1163800,961702,C56392,p100,2021-01-15,961000
a_914,E7000590,299218,C56736,p100,2022-12-21,502000
a_915,B4818309,611303,C50248,p400,2021-12-21,935000
a_916,F2220237,795263,C56038,p500,2020-08-09,441000
a_917,D7947452,456688,C51618,p300,2021-01-13,384000
a_918,A6797524,518825,C54078,p400,2020-10-03,275000
a_919,F1520999,351031,C58994,p500,2022-11-15,253000
a_920,F5057065,121238,C59924,p200,2021-08-29,393000
a_921,A5204250,981938,C53257,p700,2021-09-22,532000
a_922,B3309814,782892,C53643,p100,2021-10-06,213000
a_923,B8044422,728097,C55198,p100,2021-08-10,872000
a_924,A1357074,981938,C58468,p200,2020-08-16,745000
a_925,D2714979,601014,C59322,p500,2022-10-03,681000
a_926,E6368611,850104,C51504,p700,2021-12-31,860000
a_927,E4022000,248812,C51018,p700,2022-05-20,842000
a_928,F4748873,102634,C52509,p600,2022-09-28,979000
a_929,D3206204,592435,C53369,p200,2021-12-22,668000
a_930,F1414835,691787,C50978,p100,2020-10-31,604000
a_931,F4340109,100765,C59494,p200,2022-08-15,354000
a_932,B4393683,643935,C50291,p500,2022-07-19,703000
a_933,B2138706,223501,C53917,p700,2021-09-15,678000
a_934,C1743285,314898,C58251,p200,2021-04-03,707000
a_935,C4973887,267231,C56954,p500,2021-02-28,892000
a_936,F1839113,827925,C58741,p100,2020-12-09,901000
a_937,F6777654,562559,C57138,p300,2022-10-03,237000
a_938,E8158541,143682,C55877,p500,2020-02-24,933000
a_939,D5249159,547782,C54547,p100,2021-09-18,728000
a_940,E6788910,304138,C50285,p700,2021-03-31,734000
a_941,E2878485,929461,C58741,p700,2020-10-15,435000
a_942,A4800044,759091,C58346,p500,2020-01-03,557000
a_943,C7752892,280189,C58309,p500,2020-09-06,561000
a_944,E6884153,283761,C56736,p500,2020-10-18,139000
a_945,F3077200,267231,C56266,p600,2022-06-26,856000
a_946,C4296764,814758,C50733,p300,2021-08-08,277000
a_947,E3612111,633447,C54094,p300,2020-08-15,482000
a_948,A3548746,611220,C55517,p300,2022-12-29,633000
a_949,F4251507,814758,C52767,p700,2021-06-12,760000
a_950,C4215713,142555,C50733,p600,2022-11-27,491000
a_951,A2553189,804837,C58468,p300,2021-11-05,715000
a_952,A2109076,691787,C56586,p600,2021-10-08,343000
a_953,C3123016,859330,C57138,p400,2020-08-06,795000
a_954,F6887380,947712,C51193,p100,2020-12-29,650000
a_955,A8262061,708313,C59967,p500,2020-10-28,748000
a_956,E2458288,745395,C50978,p200,2020-08-13,464000
a_957,B8857138,351031,C59322,p500,2021-12-07,679000
a_958,C5792925,433297,C53274,p300,2022-07-17,103000
a_959,B7756779,388490,C53734,p100,2022-05-13,216000
a_960,B1423251,439610,C55161,p400,2021-04-24,327000
a_961,F2255728,299218,C56095,p700,2020-04-18,508000
a_962,B5073073,773326,C54652,p500,2021-08-10,625000
a_963,E5364015,405276,C59748,p700,2022-11-26,308000
a_964,C7799405,752235,C52421,p200,2022-11-07,128000
a_965,F5122409,981938,C57947,p200,2020-10-01,309000
a_966,B4434150,248812,C55489,p200,2020-04-25,737000
a_967,E6498525,827925,C53171,p700,2022-11-23,550000
a_968,C3119362,773326,C51462,p200,2020-01-26,767000
a_969,E2432824,836654,C59031,p500,2020-01-29,832000
a_970,F7669509,121238,C55877,p200,2021-07-23,778000
a_971,C4578949,180825,C50989,p300,2021-10-31,433000
a_972,C2484309,691787,C50082,p700,2022-01-27,356000
a_973,A1242998,929461,C59924,p700,2022-12-28,412000
a_974,C7407463,223501,C57480,p300,2021-10-05,561000
a_975,B5861591,745395,C57138,p100,2022-06-06,704000
a_976,D5444743,351031,C53694,p300,2022-06-22,299000
a_977,C8138322,814758,C53468,p100,2022-05-27,958000
a_978,C7970966,559400,C52583,p100,2021-03-19,900000
a_979,E1253895,767765,C50026,p700,2021-04-01,624000
a_980,F7256452,611220,C50978,p500,2021-01-09,354000
a_981,A4030683,634950,C57890,p700,2022-04-10,739000
a_982,A4413272,804837,C53595,p100,2020-06-15,909000
a_983,D5159583,242877,C50125,p400,2020-04-26,776000
a_984,D6406062,454332,C56174,p700,2021-01-28,425000
a_985,E2411218,221447,C59918,p500,2020-10-17,778000
a_986,C8467562,102634,C53595,p400,2020-12-24,853000
a_987,B1733656,240750,C57138,p100,2021-07-15,945000
a_988,A4476337,643935,C57971,p400,2021-11-18,888000
a_989,C8007504,221447,C55766,p400,2022-03-07,869000
a_990,E3004676,541952,C57636,p700,2020-09-27,143000
a_991,B3351046,100765,C52405,p200,2022-12-29,964000
a_992,B6459996,611220,C59945,p100,2022-03-09,655000
a_993,E4557840,556744,C53766,p300,2022-12-07,189000
a_994,E5533284,961702,C56038,p500,2021-06-06,693000
a_995,F2215265,865372,C52446,p600,2020-08-03,690000
a_996,A4782585,929461,C53257,p200,2020-04-07,655000
a_997,D6901334,799164,C53819,p100,2021-05-05,224000
a_998,D8351070,223501,C55517,p400,2021-04-24,971000
a_999,B7148773,934429,C59856,p500,2022-01-14,391000
